{
  "rf_classweight": {
    "confusion_matrix": [
      [
        41367,
        331,
        95,
        2466,
        0
      ],
      [
        1659,
        120,
        58,
        0,
        0
      ],
      [
        141,
        20,
        3058,
        2,
        0
      ],
      [
        85,
        0,
        132,
        171,
        0
      ],
      [
        5,
        0,
        2,
        0,
        0
      ]
    ],
    "classification_report": {
      "N": {
        "precision": 0.9563076496289618,
        "recall": 0.9346573578255271,
        "f1-score": 0.9453585630056218,
        "support": 44259.0
      },
      "S": {
        "precision": 0.25477707006369427,
        "recall": 0.065323897659227,
        "f1-score": 0.10398613518197573,
        "support": 1837.0
      },
      "V": {
        "precision": 0.9142002989536622,
        "recall": 0.9493945979509469,
        "f1-score": 0.931465123362778,
        "support": 3221.0
      },
      "F": {
        "precision": 0.06479727169382342,
        "recall": 0.44072164948453607,
        "f1-score": 0.11298315163528246,
        "support": 388.0
      },
      "Q": {
        "precision": 0.0,
        "recall": 0.0,
        "f1-score": 0.0,
        "support": 7.0
      },
      "accuracy": 0.8995011264885742,
      "macro avg": {
        "precision": 0.4380164580680283,
        "recall": 0.4780195005840474,
        "f1-score": 0.4187585946371316,
        "support": 49712.0
      },
      "weighted avg": {
        "precision": 0.9205629676332108,
        "recall": 0.8995011264885742,
        "f1-score": 0.9067374838184161,
        "support": 49712.0
      }
    },
    "roc_auc_per_class": {
      "N": 0.09737619105146948,
      "S": 0.5343072741875552,
      "V": 0.8942489258051073,
      "F": 0.23598912973957142,
      "Q": 0.5091573575469978
    },
    "roc_auc_macro": 0.45421577566614024,
    "macro_f1": 0.4187585946371316
  },
  "svm_classweight": {
    "confusion_matrix": [
      [
        41546,
        731,
        205,
        1774,
        3
      ],
      [
        1320,
        478,
        24,
        15,
        0
      ],
      [
        112,
        76,
        2991,
        41,
        1
      ],
      [
        50,
        3,
        111,
        224,
        0
      ],
      [
        4,
        0,
        3,
        0,
        0
      ]
    ],
    "classification_report": {
      "N": {
        "precision": 0.9654675590258412,
        "recall": 0.9387017329808627,
        "f1-score": 0.9518965299973652,
        "support": 44259.0
      },
      "S": {
        "precision": 0.37111801242236025,
        "recall": 0.2602068590092542,
        "f1-score": 0.30592,
        "support": 1837.0
      },
      "V": {
        "precision": 0.8971205758848231,
        "recall": 0.9285936044706613,
        "f1-score": 0.9125858123569794,
        "support": 3221.0
      },
      "F": {
        "precision": 0.10905550146056475,
        "recall": 0.5773195876288659,
        "f1-score": 0.18345618345618345,
        "support": 388.0
      },
      "Q": {
        "precision": 0.0,
        "recall": 0.0,
        "f1-score": 0.0,
        "support": 7.0
      },
      "accuracy": 0.9100217251367879,
      "macro avg": {
        "precision": 0.46855232975871786,
        "recall": 0.5409643568179288,
        "f1-score": 0.47077170516210565,
        "support": 49712.0
      },
      "weighted avg": {
        "precision": 0.9322560225546407,
        "recall": 0.9100217251367879,
        "f1-score": 0.9193471085841691,
        "support": 49712.0
      }
    },
    "roc_auc_per_class": {
      "N": 0.10266018215761633,
      "S": 0.43547575493663876,
      "V": 0.8992915343383104,
      "F": 0.5846840759496909,
      "Q": 0.39201581120102885
    },
    "roc_auc_macro": 0.482825471716657,
    "macro_f1": 0.47077170516210565
  },
  "gb_classweight": {
    "confusion_matrix": [
      [
        39603,
        856,
        133,
        3667,
        0
      ],
      [
        1405,
        348,
        73,
        11,
        0
      ],
      [
        83,
        41,
        3037,
        60,
        0
      ],
      [
        23,
        1,
        23,
        341,
        0
      ],
      [
        5,
        0,
        2,
        0,
        0
      ]
    ],
    "classification_report": {
      "N": {
        "precision": 0.9631313991099005,
        "recall": 0.8948010574120517,
        "f1-score": 0.9277097144463445,
        "support": 44259.0
      },
      "S": {
        "precision": 0.27929373996789725,
        "recall": 0.1894393032117583,
        "f1-score": 0.2257541355822251,
        "support": 1837.0
      },
      "V": {
        "precision": 0.9293145654834761,
        "recall": 0.942874883576529,
        "f1-score": 0.9360456156572662,
        "support": 3221.0
      },
      "F": {
        "precision": 0.08359892130424124,
        "recall": 0.8788659793814433,
        "f1-score": 0.15267517349451534,
        "support": 388.0
      },
      "Q": {
        "precision": 0.0,
        "recall": 0.0,
        "f1-score": 0.0,
        "support": 7.0
      },
      "accuracy": 0.8716004184100419,
      "macro avg": {
        "precision": 0.451067725173103,
        "recall": 0.5811962447163566,
        "f1-score": 0.44843692783607025,
        "support": 49712.0
      },
      "weighted avg": {
        "precision": 0.9286702162539112,
        "recall": 0.8716004184100419,
        "f1-score": 0.8961308234247916,
        "support": 49712.0
      }
    },
    "roc_auc_per_class": {
      "N": 0.08126556612410092,
      "S": 0.4561521928791804,
      "V": 0.8808254415336199,
      "F": 0.3690877651296031,
      "Q": 0.3609383931596699
    },
    "roc_auc_macro": 0.42965387176523484,
    "macro_f1": 0.44843692783607025
  },
  "voting_classweight": {
    "confusion_matrix": [
      [
        42687,
        445,
        108,
        1019,
        0
      ],
      [
        1372,
        406,
        59,
        0,
        0
      ],
      [
        121,
        28,
        3067,
        5,
        0
      ],
      [
        50,
        0,
        81,
        257,
        0
      ],
      [
        5,
        0,
        2,
        0,
        0
      ]
    ],
    "classification_report": {
      "N": {
        "precision": 0.9650050864699898,
        "recall": 0.964481800311801,
        "f1-score": 0.9647433724320293,
        "support": 44259.0
      },
      "S": {
        "precision": 0.46188850967007966,
        "recall": 0.22101252041371802,
        "f1-score": 0.29896907216494845,
        "support": 1837.0
      },
      "V": {
        "precision": 0.924630690382876,
        "recall": 0.9521887612542689,
        "f1-score": 0.9382074028754971,
        "support": 3221.0
      },
      "F": {
        "precision": 0.20062451209992194,
        "recall": 0.6623711340206185,
        "f1-score": 0.3079688436189335,
        "support": 388.0
      },
      "Q": {
        "precision": 0.0,
        "recall": 0.0,
        "f1-score": 0.0,
        "support": 7.0
      },
      "accuracy": 0.933718216929514,
      "macro avg": {
        "precision": 0.5104297597245735,
        "recall": 0.5600108432000812,
        "f1-score": 0.5019777382182817,
        "support": 49712.0
      },
      "weighted avg": {
        "precision": 0.9376956686264328,
        "recall": 0.933718216929514,
        "f1-score": 0.9331598218140956,
        "support": 49712.0
      }
    },
    "roc_auc_per_class": {
      "N": 0.08506089965195422,
      "S": 0.47129484423306955,
      "V": 0.9093278917039102,
      "F": 0.3034621154083952,
      "Q": 0.41130003155778666
    },
    "roc_auc_macro": 0.4360891565110231,
    "macro_f1": 0.5019777382182817
  },